Cluster,Facebook,Friend Referral,Google,Instagram,LinkedIn,Other,Twitter/X,YouTube
0,25.438596491228072,46.00389863547758,0.0,0.0,0.0,27.87524366471735,0.682261208576998,0.0
1,0.0,0.0,12.975543478260871,34.91847826086957,26.834239130434785,0.0,2.717391304347826,22.554347826086957
2,2.1052631578947367,0.37593984962406013,8.571428571428571,43.45864661654135,19.097744360902254,0.07518796992481204,0.8270676691729323,25.48872180451128
3,0.0,16.666666666666664,16.666666666666664,33.33333333333333,16.666666666666664,16.666666666666664,0.0,0.0
