Cluster,Anglo-Saxon,Europe,Rest of World
0,53.50877192982456,14.5224171539961,31.968810916179336
1,96.26358695652173,3.7364130434782608,0.0
2,2.781954887218045,19.32330827067669,77.89473684210526
3,66.66666666666666,0.0,33.33333333333333
